framework,baseline_condition,strategy_condition,test_name,statistic,p_value,effect_size,effect_size_name,n_none,n_strategy,median_none,median_strategy,p_value_holm,significance_holm
autogen,none,reflection_independent_verification,Mann-Whitney U,29906.0,0.466886281512662,0.03840277777777778,cliffs_delta,240,240,128.56193891301518,119.17365936748683,0.933772563025324,ns
autogen,none,structured_output_validation,Mann-Whitney U,29333.0,0.7260007712423776,0.018506944444444444,cliffs_delta,240,240,128.56193891301518,109.9283405499591,0.933772563025324,ns
autogen,none,supervisor_orchestrator,Mann-Whitney U,33653.0,0.0014053976905427441,0.16850694444444445,cliffs_delta,240,240,128.56193891301518,115.76778480148641,0.004216193071628233,**
crewai,none,reflection_independent_verification,Mann-Whitney U,13184.0,8.954869011688174e-25,-0.5422222222222223,cliffs_delta,240,240,11.062944255507318,27.73359209598857,1.790973802337635e-24,***
crewai,none,structured_output_validation,Mann-Whitney U,1332.0,4.838314867125157e-73,-0.95375,cliffs_delta,240,240,11.062944255507318,43.85222627001349,1.4514944601375472e-72,***
crewai,none,supervisor_orchestrator,Mann-Whitney U,28875.0,0.9608952781410615,0.0026041666666666665,cliffs_delta,240,240,11.062944255507318,11.589189796475694,0.9608952781410615,ns
langgraph,none,reflection_independent_verification,Mann-Whitney U,10142.0,1.175519851162594e-34,-0.6478472222222222,cliffs_delta,240,240,2.3003730429918505,4.418092480977066,3.526559553487782e-34,***
langgraph,none,structured_output_validation,Mann-Whitney U,11543.0,6.853856271874655e-30,-0.5992013888888889,cliffs_delta,240,240,2.3003730429918505,3.9903639605036005,1.370771254374931e-29,***
langgraph,none,supervisor_orchestrator,Mann-Whitney U,16282.0,1.7503949273683364e-16,-0.4346527777777778,cliffs_delta,240,240,2.3003730429918505,3.8290818559762556,1.7503949273683364e-16,***
