framework,baseline_condition,strategy_condition,test,statistic,p_value,odds_ratio,n_none,n_strategy,success_rate_none,success_rate_strategy,risk_difference,p_value_holm,significance_holm
autogen,none,reflection_independent_verification,Chi-square,1.0232738420338625,0.3117437013697535,0.830777332716276,240,240,0.4166666666666667,0.4625,0.04583333333333334,0.623487402739507,ns
autogen,none,structured_output_validation,Chi-square,29.891919711785896,4.568126229599967e-08,3.0734425716632123,240,240,0.4166666666666667,0.1875,-0.22916666666666669,1.37043786887999e-07,***
autogen,none,supervisor_orchestrator,Chi-square,0.0768259500987,0.7816457772588554,0.9502810872144,240,240,0.4166666666666667,0.42916666666666664,0.012499999999999956,0.7816457772588554,ns
crewai,none,reflection_independent_verification,Chi-square,0.13640238704177324,0.7118840491360903,0.9343424883788247,240,240,0.4166666666666667,0.43333333333333335,0.016666666666666663,0.7118840491360903,ns
crewai,none,structured_output_validation,Chi-square,10.000191310669395,0.001565239645475325,1.838592328983788,240,240,0.4166666666666667,0.2791666666666667,-0.1375,0.004695718936425975,**
crewai,none,supervisor_orchestrator,Chi-square,1.0232738420338625,0.3117437013697535,0.830777332716276,240,240,0.4166666666666667,0.4625,0.04583333333333334,0.623487402739507,ns
langgraph,none,reflection_independent_verification,Chi-square,1.6667847778328964,0.19668974096598116,0.7886924799198359,240,240,0.4,0.4583333333333333,0.05833333333333329,0.5900692228979435,ns
langgraph,none,structured_output_validation,Chi-square,0.8850210192492072,0.34683014061097817,1.1928115686941216,240,240,0.4,0.35833333333333334,-0.041666666666666685,0.6936602812219563,ns
langgraph,none,supervisor_orchestrator,Chi-square,0.07854688267059401,0.779276373877837,1.0535129433969246,240,240,0.4,0.3875,-0.012500000000000011,0.779276373877837,ns
